ISBN,
9780008696047,
9781761528897,
9798765668238,
9780300186116,
9780130104328,
9780131130296,
9780131148734,
9780131173439,
9780131424159,
9780131427921,
9780131447868,
9780131483927,
9780131599697,
9780131738959,
9780131846197,
9780132116138,
9780132122825,
9780132125338,
9780132137126,
9780132166751,
9780132175241,
9780132181648,
9780132181662,
9780132272926,
9780132286084,
9780470725696,
9780470727096,
9780470727256,
9780470740279,
9780470740330,
9780470740507,
9780470740576,
9780470740736,
9780470740965,